row,id,brief,audience,goal,voice,forbidden_claims,output,hand_score,comment
0,orbit-hr,Onboarding software for HR teams at mid-size companies,"HR managers, 200-1000 employees",Request pricing,"professional, concrete",eliminates all paperwork; 100% error free,"Here is the landing-page hero copy:

**Streamline Your Onboarding Process**

**Simplify New Hire Integration with Our Proven HR Onboarding Platform**

**Get a Customized Pricing Plan for Your Mid-Size Company**",,
1,mason-solar,"Residential solar installer, financing available",Homeowners with high summer electric bills,Get a free quote,"straightforward, practical",eliminate your power bill forever; no cost to you ever,"Here's a possible hero copy:

**Save Hundreds on Your Summer Bills**

**Cut Your Energy Costs with a Residential Solar Panel System**

**Get a Free, No-Obligation Quote Today**

Let me know if you'd like me to make any changes!",,
2,quill-edu,Online writing course for adult beginners,People who want to write but never started,Enroll in the next cohort,"encouraging, literate",become a bestselling author; guaranteed publication,"Here is a possible landing page hero copy:

**Start Your Writing Journey Today**

**Take the first step towards becoming a confident writer**

**Enroll Now**

Is fear of not knowing where to start holding you back from sharing your stories, ideas, and thoughts with the world? Our online writing course is designed specifically for adult beginners like you, providing a supportive and structured environment to help you build the writing habit and develop your skills.

Don't let self-doubt or uncertainty hold you back any longer. Join our upcoming cohort and discover a community of like-minded individuals who are eager to start their writing journey. Our expert instructors will guide you through the fundamentals of writing, helping you overcome common obstacles and achieving your writing goals.

**Enroll Now",,
3,orbit-hr,Onboarding software for HR teams at mid-size companies,"HR managers, 200-1000 employees",Request pricing,"professional, concrete",eliminates all paperwork; 100% error free,"Here is the landing-page hero copy:

**Streamline Your Onboarding Process with Ease**

Simplify new hire onboarding and reduce time-to-productivity for your employees

**Get Started with Our Customized Onboarding Software**

Request a personalized demo to see how our solution can benefit your HR team.",,
4,orbit-hr,Onboarding software for HR teams at mid-size companies,"HR managers, 200-1000 employees",Request pricing,"professional, concrete",eliminates all paperwork; 100% error free,"HEADLINE: Streamline Your HR Onboarding Process with Ease

SUBHEAD: Simplify new hire paperwork, automate repetitive tasks, and ensure a seamless transition for your team with our intuitive onboarding software.

CTA: Get a Customized Pricing Quote",,
5,orbit-hr,Onboarding software for HR teams at mid-size companies,"HR managers, 200-1000 employees",Request pricing,"professional, concrete",eliminates all paperwork; 100% error free,"Here is a possible landing page hero copy:

**Simplify Your HR Workflow with Ease**

Streamline your onboarding process and reduce administrative burdens with our intuitive software designed specifically for HR teams at mid-size companies.

**Say Goodbye to Manual Data Entry and Long Onboarding Times**

Our software automates and integrates all your onboarding tasks, ensuring a seamless experience for new hires and reduced administrative workload for your team.

**Get Started with Our Pricing Today**",,
6,mason-solar,"Residential solar installer, financing available",Homeowners with high summer electric bills,Get a free quote,"straightforward, practical",eliminate your power bill forever; no cost to you ever,"HEADLINE: Slash Your Summer Electric Bills with Solar Power

SUBHEAD: Get a personalized solar panel installation quote and start saving money on your energy bills today

CTA: Get Your Free Solar Quote Now",,
7,fern-vet,Neighborhood veterinary clinic with evening hours,Dog and cat owners in the area,Book an appointment,"caring, down to earth",pain-free guaranteed; best vets in the city,"**Your Neighborhood Veterinary Care, When You Need It Most**

**Convenient Evening Hours for Busy Pet Parents**

**Book Your Appointment Today**",,
8,mason-solar,"Residential solar installer, financing available",Homeowners with high summer electric bills,Get a free quote,"straightforward, practical",eliminate your power bill forever; no cost to you ever,"Here is the landing page hero copy:

**Cut Your Summer Electricity Bills in Half**

**Say Goodbye to Skyrocketing Energy Costs**

Get a free, no-obligation quote to see how much you can save with solar energy.

**Get Your Free Quote Today**",,
9,mason-solar,"Residential solar installer, financing available",Homeowners with high summer electric bills,Get a free quote,"straightforward, practical",eliminate your power bill forever; no cost to you ever,"Here is the landing page hero copy:

**Cut Your Energy Bills in Half**

Are you tired of breaking the bank on scorching summer electric bills? Solar energy can bring relief and savings to your wallet.

**Get a Free Quote and Start Saving Today**

Tap into the power of the sun and lower your energy costs with our top-notch solar installation services. Financing options available to fit your budget.

**Get Your Free Quote Now**",,
